doc_id,keyword,score
KB_JB838_1950-01-06_01-00002.txt,consultation populaire,0.013524393194708967
KB_JB838_1950-01-06_01-00002.txt,Henri Matisse,0.013915968691728054
KB_JB838_1950-01-06_01-00002.txt,Mario Uchard,0.035101320303456314
KB_JB838_1950-01-06_01-00002.txt,Comité franco-belge,0.03753421601497887
KB_JB838_1950-01-06_01-00002.txt,locataire principal,0.048965453106167636
KB_JB838_1950-01-06_01-00002.txt,qu’il faut,0.053187375453822835
KB_JB838_1950-01-06_01-00002.txt,jeune homme,0.05334075888901203
KB_JB838_1950-01-06_01-00002.txt,d’un parti,0.05659950788808549
KB_JB838_1950-01-06_01-00002.txt,Léopold III,0.06075051862916727
KB_JB838_1950-01-07_01-00013.txt,Bruxelles Tél,0.008879380051140976
KB_JB838_1950-01-07_01-00013.txt,France AUTO,0.023477884927383463
KB_JB838_1950-01-07_01-00013.txt,rue Longtin,0.026066203359979882
KB_JB838_1950-01-07_01-00013.txt,Bas prix,0.026339665797057737
KB_JB838_1950-01-07_01-00013.txt,Lambiotte Tél,0.03277582073990988
KB_JB838_1950-01-07_01-00013.txt,bon état,0.0388965367124973
KB_JB838_1950-01-07_01-00013.txt,rue Alfred,0.03898784544192676
KB_JB838_1950-01-07_01-00013.txt,Renault Tél,0.03970808719772082
KB_JB838_1950-01-07_01-00013.txt,Large crédit,0.042433190524123775
KB_JB838_1950-01-07_01-00013.txt,Midi Tél,0.04340208245113289
KB_JB838_1950-01-07_01-00013.txt,JEEP Tél,0.05322477821995215
KB_JB838_1950-01-08_01-00011.txt,BELLE MAISON,0.02159349149067177
KB_JB838_1950-01-08_01-00011.txt,l'heure Studio,0.02205249118210579
KB_JB838_1950-01-08_01-00011.txt,Agence Rossel,0.026252841115097656
KB_JB838_1950-01-08_01-00011.txt,louer VILLA,0.02720085194307979
KB_JB838_1950-01-08_01-00011.txt,rue Jourdan,0.03136460054736804
KB_JB838_1950-01-08_01-00011.txt,Office Propriétaires,0.035833255307092415
KB_JB838_1950-01-08_01-00011.txt,Studio NOVA,0.03905804764660951
KB_JB838_1950-01-08_01-00011.txt,vendre MAISON,0.04647650864170708
KB_JB838_1950-01-08_01-00011.txt,Ecrire Agence,0.049843321048291714
KB_JB838_1950-01-10_01-00006.txt,Van Hassel,0.002781498119924727
KB_JB838_1950-01-10_01-00006.txt,CYCLISME Week-end,0.006044816194585663
KB_JB838_1950-01-10_01-00006.txt,bat Van,0.011663752031646343
KB_JB838_1950-01-10_01-00006.txt,tombe Van,0.014448466259650149
KB_JB838_1950-01-10_01-00006.txt,Van Kerrebroeck,0.014748843456742221
KB_JB838_1950-01-10_01-00006.txt,Van Overloop,0.016801938177928705
KB_JB838_1950-01-10_01-00006.txt,bat Mlle,0.023644748888823328
KB_JB838_1950-01-10_01-00006.txt,Van Steenbergen,0.024738026485415145
KB_JB838_1950-01-10_01-00006.txt,Week-end mouvementé,0.02547542283552576
KB_JB838_1950-01-10_01-00006.txt,Van Lancker,0.026726407280357044
KB_JB838_1950-01-10_01-00006.txt,Van Mechelen,0.02780244645601938
KB_JB838_1950-01-10_01-00006.txt,Van Seters,0.028424288153469836
KB_JB838_1950-01-10_01-00006.txt,Van Steurs,0.02842551548569372
KB_JB838_1950-01-10_01-00006.txt,Van Scheltinga,0.028545545966152833
KB_JB838_1950-01-15_01-00010.txt,Laeken Daniel,0.004286166715457528
KB_JB838_1950-01-15_01-00010.txt,Annuelle LINGERIE,0.004286166715457528
KB_JB838_1950-01-15_01-00010.txt,LINGERIE KLAMC,0.004286166715457528
KB_JB838_1950-01-15_01-00010.txt,RÉÉQUIPEMENT MÉNAGER,0.004286166715457528
KB_JB838_1950-01-15_01-00010.txt,TENTATION fondée,0.013877984649296488
KB_JB838_1950-01-15_01-00010.txt,den Eeckhoudt,0.013877984649296488
KB_JB838_1950-01-15_01-00010.txt,KLAMC RIDEAUX,0.02358735995738585
KB_JB838_1950-01-15_01-00010.txt,Enfants admis,0.023843161216528894
KB_JB838_1950-01-15_01-00010.txt,MÉNAGER Théâtre,0.02473494239531273
KB_JB838_1950-01-15_01-00010.txt,Vente Annuelle,0.03224894131541012
KB_JB838_1950-01-15_01-00010.txt,Daniel Van,0.036095604875146445
KB_JB838_1950-01-15_01-00010.txt,Eeckhoudt Grande,0.03769180742675627
KB_JB838_1950-01-15_01-00010.txt,OCCASIONS SURPRENANTES,0.03959073934989954
KB_JB838_1950-01-15_01-00010.txt,permettront d'obtenir,0.04591628756456899
KB_JB838_1950-01-15_01-00010.txt,bon coton,0.05268106771574817
KB_JB838_1950-01-22_01-00014.txt,Agence Rossel,0.005268999508053097
KB_JB838_1950-01-22_01-00014.txt,QUASI ILLIMITEE,0.0056043940080235935
KB_JB838_1950-01-22_01-00014.txt,EMPLOIE UNIQUEMENT,0.005632644700093396
KB_JB838_1950-01-22_01-00014.txt,ENGRENAGES GARANTISSANT,0.005632644700093396
KB_JB838_1950-01-22_01-00014.txt,PRECISION ABSOLUE,0.005632644700093396
KB_JB838_1950-01-22_01-00014.txt,LONGEVITE QUASI,0.005632644700093396
KB_JB838_1950-01-22_01-00014.txt,Bons gages,0.007227240913417449
KB_JB838_1950-01-22_01-00014.txt,l’Agence Rossel,0.007950380854832372
KB_JB838_1950-01-22_01-00014.txt,BERNINA EMPLOIE,0.013778408109722277
KB_JB838_1950-01-22_01-00014.txt,Ecrire Agence,0.014285599795811716
KB_JB838_1950-01-22_01-00014.txt,POINTS DROIT,0.018720552283684164
KB_JB838_1950-01-22_01-00014.txt,D’UNE PRECISION,0.02700692324637157
KB_JB838_1950-01-22_01-00014.txt,Faire offre,0.028957597470114504
KB_JB838_1950-01-22_01-00014.txt,bonne servante,0.03374755107628624
KB_JB838_1950-02-13_01-00005.txt,Van den,0.0075999648061719684
KB_JB838_1950-02-13_01-00005.txt,Van Pottelberghe,0.012746752886316362
KB_JB838_1950-02-13_01-00005.txt,Van Rompaey,0.01792844813857946
KB_JB838_1950-02-13_01-00005.txt,Van Looy,0.018164567668487203
KB_JB838_1950-02-13_01-00005.txt,Van Brustegem,0.018850064680172588
KB_JB838_1950-02-13_01-00005.txt,équipes Goals,0.02039515809014513
KB_JB838_1950-02-13_01-00005.txt,Van Noten,0.031059382973525455
KB_JB838_1950-02-13_01-00005.txt,Van Dormael,0.03132980807019265
KB_JB838_1950-02-13_01-00005.txt,Van Tieghen,0.03253691324549207
KB_JB838_1950-02-13_01-00005.txt,Van Gestel,0.03256314532211205
KB_JB838_1950-02-13_01-00005.txt,Van Leemput,0.03257067821909837
KB_JB838_1950-02-13_01-00005.txt,Van der,0.044929340353664214
KB_JB838_1950-02-13_01-00008.txt,DERNIERE EDITION,0.004667819480126675
KB_JB838_1950-02-13_01-00008.txt,EDITION PARUE,0.004667819480126675
KB_JB838_1950-02-13_01-00008.txt,Royale Belge,0.01608171746949326
KB_JB838_1950-02-13_01-00008.txt,Léopold Club,0.030175869683554818
KB_JB838_1950-02-13_01-00008.txt,Jacqueline Gauthier,0.03074565093920482
KB_JB838_1950-02-13_01-00008.txt,Jacqueline Delubac,0.030897845463549352
KB_JB838_1950-02-13_01-00008.txt,Musique légère,0.03122926482192365
KB_JB838_1950-02-13_01-00008.txt,samedi soir,0.03341191670791262
KB_JB838_1950-02-13_01-00008.txt,Comité central,0.0371376123690617
KB_JB838_1950-02-13_01-00008.txt,Madeleine Sologne,0.04027667905248643
KB_JB838_1950-02-13_01-00008.txt,BOBBY NARET,0.04027667905248643
KB_JB838_1950-02-13_01-00008.txt,FRANKIE DANN,0.04027667905248643
KB_JB838_1950-02-13_01-00008.txt,Michel Auclair,0.04047790603759677
KB_JB838_1950-02-13_01-00008.txt,Delubac Madeleine,0.04047790603759677
KB_JB838_1950-02-13_01-00008.txt,NARET HIPPOLYTE,0.04047790603759677
KB_JB838_1950-02-13_01-00008.txt,HIPPOLYTE ACKERMANS,0.04047790603759677
KB_JB838_1950-02-13_01-00008.txt,COPPIETERS PIERRE,0.04047790603759677
KB_JB838_1950-02-13_01-00008.txt,PIERRE HERMANGE,0.04047790603759677
KB_JB838_1950-02-13_01-00008.txt,HERMANGE FRANKIE,0.04047790603759677
KB_JB838_1950-02-13_01-00008.txt,Claudine Dupuis,0.04047790603759677
KB_JB838_1950-02-15_01-00011.txt,l’AGENCE ROSSEL,0.0073133649266435286
KB_JB838_1950-02-15_01-00011.txt,Agence ROSSEL,0.0093900491955183
KB_JB838_1950-02-15_01-00011.txt,dem. trav,0.021365396257798867
KB_JB838_1950-02-15_01-00011.txt,Dames dem,0.023574903130084906
KB_JB838_1950-02-15_01-00011.txt,Ecrire Agence,0.02384208683791331
KB_JB838_1950-02-15_01-00011.txt,Ecrire Ag.Rossel,0.025324277992178387
KB_JB838_1950-02-15_01-00011.txt,cherche place,0.02890684894309235
KB_JB838_1950-02-15_01-00011.txt,DEM. bon,0.03127741935666014
KB_JB838_1950-02-15_01-00011.txt,BOUCHERIE dem,0.0326880026507169
KB_JB838_1950-02-15_01-00011.txt,Bruxelles Tél,0.03556302121289594
KB_JB838_1950-02-15_01-00014.txt,DERNIERE EDITION,0.0046929851638647015
KB_JB838_1950-02-15_01-00014.txt,EDITION PARUE,0.0046929851638647015
KB_JB838_1950-02-15_01-00014.txt,tutt Dern,0.011431668213557872
KB_JB838_1950-02-15_01-00014.txt,reproduction interdite,0.014988625145519309
KB_JB838_1950-02-15_01-00014.txt,SOIR MERCREDI,0.015918016152434288
KB_JB838_1950-02-15_01-00014.txt,John Bull,0.06899160243981306
KB_JB838_1950-02-15_01-00014.txt,The Saturday,0.07323963576375025
KB_JB838_1950-02-15_01-00014.txt,Evening Post,0.07323963576375025
KB_JB838_1950-02-15_01-00014.txt,Saturday Evening,0.07581205350690638
KB_JB838_1950-02-15_01-00014.txt,S’il faut,0.10626834910305548
KB_JB838_1950-02-15_01-00014.txt,TOOTAL Frs,0.15657421453715795
KB_JB838_1950-02-16_01-00014.txt,EDITION PARUE,0.004878016141077639
KB_JB838_1950-02-16_01-00014.txt,DERNIERE EDITION,0.004960257227602761
KB_JB838_1950-02-16_01-00014.txt,Dern. édit,0.014438660868459017
KB_JB838_1950-02-16_01-00014.txt,Blaes Tél,0.0359700002083391
KB_JB838_1950-02-16_01-00014.txt,Bruxelles Tél,0.038620006657216065
KB_JB838_1950-02-16_01-00014.txt,JETTE Tél,0.04037258589164529
KB_JB838_1950-02-16_01-00014.txt,NOUVELLES INSTALLATIONS,0.04113005758242916
KB_JB838_1950-02-16_01-00014.txt,L'ENFANT ROY,0.07343989873235826
KB_JB838_1950-02-16_01-00014.txt,Liège Tél,0.07392661869143549
KB_JB838_1950-02-16_01-00014.txt,rue Blaes,0.08164229183787199
KB_JB838_1950-02-16_01-00014.txt,Praet Bruxelles,0.08605984397793412
KB_JB838_1950-02-16_01-00014.txt,rue Royale,0.08978422648753476
KB_JB838_1950-02-16_01-00014.txt,VANNERIE Tél,0.09654037610122199
KB_JB838_1950-02-16_01-00014.txt,MANUCURE Tél,0.09861648569911649
KB_JB838_1950-02-16_01-00014.txt,Herbes Tél,0.0998632040098071
KB_JB838_1950-02-17_01-00009.txt,Enfants admis,0.01937419142196003
KB_JB838_1950-02-17_01-00009.txt,Enf. admis,0.02909492213291041
KB_JB838_1950-02-17_01-00009.txt,Ute Brave,0.039089174934357554
KB_JB838_1950-02-17_01-00009.txt,Bernard BUer,0.08033774078560359
KB_JB838_1950-02-17_01-00009.txt,Fernand Ledoux,0.08067738562158354
KB_JB838_1950-02-17_01-00009.txt,cheveux JUVABEL,0.0817243434106364
KB_JB838_1950-02-17_01-00009.txt,rue Neuve,0.09449672712886396
KB_JB838_1950-02-17_01-00009.txt,traitement JUVABEL,0.09470926132201689
KB_JB838_1950-02-17_01-00009.txt,produits embryonnés,0.09476772415229134
KB_JB838_1950-02-18_01-00009.txt,Intestin paresseux,0.005085607714372119
KB_JB838_1950-02-18_01-00009.txt,Reins paresseux,0.013925988354772106
KB_JB838_1950-02-18_01-00009.txt,sels Kruschen,0.01985112901179574
KB_JB838_1950-02-18_01-00009.txt,Foie paresseux,0.020402993376056295
KB_JB838_1950-02-18_01-00009.txt,Mauvaise graisse,0.020830895015141484
KB_JB838_1950-02-18_01-00009.txt,Congo Belge,0.028961628924664872
KB_JB838_1950-02-18_01-00009.txt,dit John,0.029422132222198527
KB_JB838_1950-02-18_01-00009.txt,Concert symphonique,0.02950158960394085
KB_JB838_1950-02-18_01-00009.txt,dit Carlyon,0.03689708850031125
KB_JB838_1950-02-18_01-00009.txt,Orchestre Harry,0.03994175286402396
KB_JB838_1950-02-18_01-00009.txt,parts sociales,0.04168829703353403
KB_JB838_1950-02-18_01-00009.txt,Orchestre municipal,0.0517952025191986
KB_JB838_1950-02-18_01-00009.txt,NATIONS UNIES,0.05378306049209113
KB_JB838_1950-02-18_01-00014.txt,bon état,0.014240928123449513
KB_JB838_1950-02-18_01-00014.txt,France AUTO,0.02386815289466163
KB_JB838_1950-02-18_01-00014.txt,SOMMES ACHET,0.04129628385972015
KB_JB838_1950-02-18_01-00014.txt,France Tél,0.04672149917833952
KB_JB838_1950-02-18_01-00014.txt,Bas prix,0.058255459181338266
KB_JB838_1950-02-18_01-00014.txt,BRUXELLES Tél,0.05859112931822523
KB_JB838_1950-02-18_01-00014.txt,AGENCE ROSSEL,0.06229951366240969
KB_JB838_1950-02-18_01-00014.txt,ECRIRE AGENCE,0.06610745408104828
KB_JB838_1950-02-18_01-00014.txt,Laeken Tél,0.08006618803207792
KB_JB838_1950-02-18_01-00014.txt,NEUVE TÉL,0.08185086247678144
KB_JB838_1950-02-18_01-00014.txt,rue Sallaert,0.08228356976213388
KB_JB838_1950-02-18_01-00014.txt,rue Alfred,0.08266599961732397
KB_JB838_1950-02-18_01-00014.txt,état Prix,0.08551915061588042
KB_JB838_1950-02-25_01-00006.txt,Union Liège,0.004620022227092531
KB_JB838_1950-02-25_01-00006.txt,Royal Sport,0.007785348382199855
KB_JB838_1950-02-25_01-00006.txt,Sport Liège,0.008657013438622576
KB_JB838_1950-02-25_01-00006.txt,Sport Gand,0.011183605147848398
KB_JB838_1950-02-25_01-00006.txt,Sport Nautique,0.011210094625950281
KB_JB838_1950-02-25_01-00006.txt,Union Bruxelles,0.012991406343231721
KB_JB838_1950-02-25_01-00006.txt,Cercle Royal,0.013814023302110835
KB_JB838_1950-02-25_01-00006.txt,GRAND HANDICAP,0.018604499116137915
KB_JB838_1950-02-25_01-00006.txt,Union Chimique,0.019879297626104853
KB_JB838_1950-02-25_01-00006.txt,Grand Prix,0.020012667794585257
KB_JB838_1950-02-25_01-00006.txt,Royal Vissers,0.020772198490230973
KB_JB838_1950-02-25_01-00006.txt,Club Gand,0.021779674702348727
KB_JB838_1950-02-25_01-00006.txt,Union Nautique,0.02613783373675663
KB_JB838_1950-02-25_01-00006.txt,ROCHE D’OR,0.02719306440461535
KB_JB838_1950-02-25_01-00006.txt,Royal Union,0.02909033841815411
KB_JB838_1950-02-25_01-00006.txt,Union Brux,0.030546569792727928
KB_JB838_1950-02-25_01-00013.txt,Boulevard Maurice,0.004640950001316453
KB_JB838_1950-02-25_01-00013.txt,Maurice Lemonnter,0.004640950001316453
KB_JB838_1950-02-25_01-00013.txt,Exclusivité Innovation,0.031615831568482224
KB_JB838_1950-02-25_01-00013.txt,beau café,0.04429714845159395
KB_JB838_1950-02-28_01-00012.txt,SOIR MARDI,0.006059036633344688
KB_JB838_1950-02-28_01-00012.txt,PAGES SOIR,0.018300194662291946
KB_JB838_1950-02-28_01-00012.txt,DERNIERE EDITION,0.03260808422280006
KB_JB838_1950-02-28_01-00012.txt,EDITION PARUE,0.03260808422280006
KB_JB838_1950-02-28_01-00012.txt,PARUE EDITIONS,0.03260808422280006
KB_JB838_1950-02-28_01-00012.txt,lames PAL,0.0364523843403236
KB_JB838_1950-02-28_01-00012.txt,Bruxelles Tél,0.059417826682203245
KB_JB838_1950-02-28_01-00012.txt,PIANO Tél,0.05963855911358359
KB_JB838_1950-02-28_01-00012.txt,rue Théodore,0.07033555726116192
KB_JB838_1950-02-28_01-00012.txt,ENTENTE ANVERSOISE,0.07604078683989045
KB_JB838_1950-02-28_01-00012.txt,NEWELLS OLD,0.07604078683989045
KB_JB838_1950-02-28_01-00012.txt,OLD BOYS,0.07604078683989045
KB_JB838_1950-02-28_01-00012.txt,RUE ROYALE,0.07972973090448736
KB_JB838_1950-02-28_01-00012.txt,MATCH ENTENTE,0.08804486770779854
KB_JB838_1950-03-01_01-00005.txt,Roi Léopold,0.014752410357940275
KB_JB838_1950-03-01_01-00005.txt,Léopold III,0.02223756415937117
KB_JB838_1950-03-01_01-00005.txt,question royale,0.027118910073933206
KB_JB838_1950-03-01_01-00005.txt,Roi d’avoir,0.03080315156925211
KB_JB838_1950-03-01_01-00005.txt,Roi ait,0.031233534407865544
KB_JB838_1950-03-01_01-00005.txt,Chambre s’est,0.03182651270666071
KB_JB838_1950-03-01_01-00005.txt,Roi d’Angleterre,0.03524888097395105
KB_JB838_1950-03-01_01-00005.txt,Cour d’appel,0.03851106364739735
KB_JB838_1950-03-01_01-00005.txt,Roi dit,0.04342123707711239
KB_JB838_1950-03-01_01-00005.txt,cours d’une,0.04378172700543112
KB_JB838_1950-03-01_01-00005.txt,Van Cauwelaért,0.04626357424091556
KB_JB838_1950-03-01_01-00005.txt,l’administration communale,0.046323860896948614
KB_JB838_1950-03-03_01-00013.txt,PECTORAL DUPUIS,0.004860515186394458
KB_JB838_1950-03-03_01-00013.txt,FACILE PAYEZ,0.004860515186394458
KB_JB838_1950-03-03_01-00013.txt,Bruxelles Tél,0.009850272285082418
KB_JB838_1950-03-03_01-00013.txt,rue Antoine,0.018603314649049754
KB_JB838_1950-03-03_01-00013.txt,piano Tél,0.025286308775976745
KB_JB838_1950-03-03_01-00013.txt,bon état,0.03025519745534814
KB_JB838_1950-03-03_01-00013.txt,Antoine Dan,0.03442370998790189
KB_JB838_1950-03-03_01-00013.txt,ANDREE Tél,0.03757229445580114
KB_JB838_1950-03-03_01-00013.txt,France AUTO,0.046334328370304205
KB_JB838_1950-03-03_01-00013.txt,bas prix,0.046990194224236906
KB_JB838_1950-03-03_01-00013.txt,ECRIRE AGENCE,0.05309374159578969
KB_JB838_1950-03-03_01-00013.txt,Renault Juva,0.056816574083784224
KB_JB838_1950-03-05_01-00020.txt,offrir pêle-mêle,0.030369371351576947
KB_JB838_1950-03-05_01-00020.txt,croyons Pierre,0.06351467542519708
KB_JB838_1950-03-05_01-00020.txt,Tom Mix,0.06481658480774453
KB_JB838_1950-03-05_01-00020.txt,Pierre Balmain,0.06751836742109737
KB_JB838_1950-03-05_01-00020.txt,petit bonnet,0.0829005697823174
KB_JB838_1950-03-05_01-00020.txt,d’un prix,0.08806556349814154
KB_JB838_1950-03-05_01-00020.txt,manteaux ALEXON,0.12283298291108566
KB_JB838_1950-03-05_01-00020.txt,grands magasins,0.12787587864374475
KB_JB838_1950-03-05_01-00020.txt,grands couturiers,0.1300902112759567
KB_JB838_1950-03-11_01-00005.txt,demeurant rue,0.012755629082732546
KB_JB838_1950-03-11_01-00005.txt,Vander Stegen,0.025593808748483167
KB_JB838_1950-03-11_01-00005.txt,SOIR LETTRE,0.025936178122364855
KB_JB838_1950-03-11_01-00005.txt,jeudi soir,0.029404485409877435
KB_JB838_1950-03-11_01-00005.txt,rue Van,0.030901002778909396
KB_JB838_1950-03-11_01-00005.txt,fut pris,0.053394847992873855
KB_JB838_1950-03-11_01-00005.txt,nouvelle voiture,0.05465937829527904
KB_JB838_1950-03-11_01-00005.txt,Hautes Etudes,0.059086470112479285
KB_JB838_1950-03-11_01-00005.txt,d’une voiture,0.0633936858149972
KB_JB838_1950-03-15_01-00012.txt,DERNIERE EDITION,0.04303845758825367
KB_JB838_1950-03-15_01-00012.txt,EDITION PARUE,0.04303845758825367
KB_JB838_1950-03-15_01-00012.txt,London Opinion,0.045918481560958076
KB_JB838_1950-03-15_01-00012.txt,The Saturday,0.06396807617026097
KB_JB838_1950-03-15_01-00012.txt,Evening Post,0.06396807617026097
KB_JB838_1950-03-15_01-00012.txt,Saturday Evening,0.06590873668913157
KB_JB838_1950-03-15_01-00012.txt,nuit Déni,0.07266311942966329
KB_JB838_1950-03-15_01-00012.txt,Mrs Dogitt,0.09618296598157505
KB_JB838_1950-03-15_01-00012.txt,reproduction interdite,0.13727052102418424
KB_JB838_1950-03-15_01-00012.txt,bas prix,0.15055895678647901
KB_JB838_1950-03-15_01-00012.txt,état impec,0.15781432243845178
KB_JB838_1950-03-19_01-00001.txt,JOURNAL QUOTIDIEN,0.034579815737204415
KB_JB838_1950-03-19_01-00001.txt,CHEQUES POSTAUX,0.03885427057022785
KB_JB838_1950-03-19_01-00001.txt,ministres libéraux,0.04490098616756255
KB_JB838_1950-03-19_01-00001.txt,Prince Régent,0.05159678251943693
KB_JB838_1950-03-19_01-00001.txt,armée allemande,0.056082691689514616
KB_JB838_1950-03-19_01-00001.txt,RUE ROYALE,0.0601679868644243
KB_JB838_1950-03-19_01-00001.txt,femmes belges,0.0654093461274826
KB_JB838_1950-03-19_01-00001.txt,ministres belges,0.06862041728939818
KB_JB838_1950-03-19_01-00001.txt,Soir Illustré,0.0792565979736831
KB_JB838_1950-03-25_01-00009.txt,Concert symphonique,0.042513624027833465
KB_JB838_1950-03-25_01-00009.txt,VENTE PUBLIQUE,0.04801671542554653
KB_JB838_1950-03-25_01-00009.txt,Musique variée,0.05086931937289791
KB_JB838_1950-03-25_01-00009.txt,Salle Patria,0.05148557445791409
KB_JB838_1950-03-25_01-00009.txt,rue Neuve,0.06393546568926144
KB_JB838_1950-03-25_01-00009.txt,Bruxelles Lundi,0.06522214169754832
KB_JB838_1950-03-25_01-00009.txt,Programme symphonique,0.07351095992077389
KB_JB838_1950-03-25_01-00009.txt,Musique parisienne,0.07413410259206803
KB_JB838_1950-03-27_01-00002.txt,Charles Bernard,0.001506440801537591
KB_JB838_1950-03-27_01-00002.txt,Roland Oudot,0.011921500760191875
KB_JB838_1950-03-27_01-00002.txt,Société royale,0.024309451741191576
KB_JB838_1950-03-27_01-00002.txt,Samedi soir,0.03099057413361692
KB_JB838_1950-03-27_01-00002.txt,Louis Piérard,0.03182238790826929
KB_JB838_1950-03-27_01-00002.txt,JUBILÉ PROFESSIONNEL,0.037250669389353834
KB_JB838_1950-03-27_01-00002.txt,comité Charles,0.038319001386461514
KB_JB838_1950-03-27_01-00002.txt,l’Instruction publique,0.04436065853465214
KB_JB838_1950-03-27_01-00002.txt,Bernard Samedi,0.047155343490723575
KB_JB838_1950-03-27_01-00002.txt,Marcel Stijns,0.047199738555469474
KB_JB838_1950-03-29_01-00002.txt,Pierre Descaves,0.034180413397399335
KB_JB838_1950-03-29_01-00002.txt,Mme Triantafyllakos,0.03512126700828489
KB_JB838_1950-03-29_01-00002.txt,d’un monde,0.03766535940384411
KB_JB838_1950-03-29_01-00002.txt,c’est qu’il,0.04077302894304661
KB_JB838_1950-03-29_01-00002.txt,JEAN MOGIN,0.05386771394571453
KB_JB838_1950-03-29_01-00002.txt,Bach fut,0.05655247409284165
KB_JB838_1950-03-29_01-00002.txt,Pierre Sanson,0.062276803487654867
KB_JB838_1950-03-29_01-00002.txt,Pierre Goeyens,0.06428631300114183
KB_JB838_1950-03-29_01-00008.txt,MAISON LIBRE,0.015234494612705662
KB_JB838_1950-03-29_01-00008.txt,petite maison,0.029429131177768717
KB_JB838_1950-03-29_01-00008.txt,Bruxelles Tél,0.04481987107201471
KB_JB838_1950-03-29_01-00008.txt,Jolie maison,0.04546631934363801
KB_JB838_1950-03-29_01-00008.txt,VENDRE rue,0.04576675044252301
KB_JB838_1950-03-31_01-00006.txt,sécurité sociale,0.007377336074474751
KB_JB838_1950-03-31_01-00006.txt,formation professionnelle,0.008874441510505898
KB_JB838_1950-03-31_01-00006.txt,Mme Vve,0.028828137059364142
KB_JB838_1950-03-31_01-00006.txt,Congo belge,0.035935905305172065
KB_JB838_1950-03-31_01-00006.txt,allocations familiales,0.039020568256864556
KB_JB838_1950-03-31_01-00006.txt,d’une formation,0.04063574688003564
KB_JB838_1950-03-31_01-00006.txt,d’un professeur,0.04165674394055876
KB_JB838_1950-03-31_01-00006.txt,Faculté polytechnique,0.04168139381507684
KB_JB838_1950-03-31_01-00006.txt,bonne production,0.05471873899027044
KB_JB838_1950-03-31_01-00006.txt,éléments d'une,0.054963855403366395
KB_JB838_1950-04-19_01-00002.txt,général Billotte,0.006099520161978064
KB_JB838_1950-04-19_01-00002.txt,l’Europe occidentale,0.014087157754003364
KB_JB838_1950-04-19_01-00002.txt,Mgr Van,0.014140474185108302
KB_JB838_1950-04-19_01-00002.txt,nations atlantiques,0.016068575694555158
KB_JB838_1950-04-19_01-00002.txt,d’une union,0.017985591942927013
KB_JB838_1950-04-19_01-00002.txt,d’une force,0.024402223080065007
KB_JB838_1950-04-19_01-00002.txt,Union fédérale,0.02582078671226806
KB_JB838_1950-04-19_01-00002.txt,Théâtre royal,0.028256731736029477
KB_JB838_1950-04-19_01-00002.txt,fédérale atlantique,0.029492679885106527
KB_JB838_1950-04-19_01-00002.txt,BEAUX GESTES,0.03274529971323682
KB_JB838_1950-04-21_01-00010.txt,Bel app,0.02140507056069514
KB_JB838_1950-04-21_01-00010.txt,Agence Rossel,0.045360532999408835
KB_JB838_1950-04-21_01-00010.txt,LOUER APP,0.045849906428751586
KB_JB838_1950-04-21_01-00010.txt,app. mod,0.04608671295862215
KB_JB838_1950-04-21_01-00010.txt,BEL app.,0.04718587076565765
KB_JB838_1950-04-21_01-00010.txt,l’Agence Rossel,0.047478901482619726
KB_JB838_1950-04-25_01-00011.txt,Bruxelles Tél,0.010491847739380403
KB_JB838_1950-04-25_01-00011.txt,rue Terre,0.03110992081279774
KB_JB838_1950-04-25_01-00011.txt,bon état,0.03675673781773947
KB_JB838_1950-04-25_01-00011.txt,l’Agence Rossel,0.03697440270796864
KB_JB838_1950-04-25_01-00011.txt,Bas prix,0.03952387587760856
KB_JB838_1950-04-25_01-00011.txt,rue Royale,0.043098148752284134
KB_JB838_1950-04-25_01-00011.txt,prix Tél,0.049178386523207475
KB_JB838_1950-04-26_01-00007.txt,Foire Internationale,0.0026934231935286483
KB_JB838_1950-04-26_01-00007.txt,HÉTAUURGIE MÉCANIQUE,0.01316511320909053
KB_JB838_1950-04-26_01-00007.txt,Sels Kruschen,0.01675512253617068
KB_JB838_1950-04-26_01-00007.txt,Maritime belge,0.023000149686140364
KB_JB838_1950-04-26_01-00007.txt,Congo belge,0.027070822482846202
KB_JB838_1950-04-26_01-00007.txt,MINES HÉTAUURGIE,0.02776026732673735
KB_JB838_1950-04-26_01-00007.txt,Navale Belge,0.03705330598279833
KB_JB838_1950-04-26_01-00007.txt,LOTS Lot,0.0425434765303753
KB_JB838_1950-04-26_01-00007.txt,Banque belge,0.04300054454918772
KB_JB838_1950-04-26_01-00007.txt,dit John,0.04465289552159082
KB_JB838_1950-05-03_01-00006.txt,Van Steenbergen,0.002445128955435902
KB_JB838_1950-05-03_01-00006.txt,VAN DYCK,0.005500869271748736
KB_JB838_1950-05-03_01-00006.txt,Grand Prix,0.015589142491935456
KB_JB838_1950-05-03_01-00006.txt,Van Hassel,0.017347582857649712
KB_JB838_1950-05-03_01-00006.txt,Diables Rouges,0.01789451458965393
KB_JB838_1950-05-03_01-00006.txt,Red Boys,0.020442511403780447
KB_JB838_1950-05-03_01-00006.txt,Van den,0.02582989844836689
KB_JB838_1950-05-03_01-00006.txt,Van Steenkiste,0.028680327791312323
KB_JB838_1950-05-03_01-00006.txt,Van Hôudt,0.029241445531832954
KB_JB838_1950-05-03_01-00006.txt,Van Raalte,0.029276190356199692
KB_JB838_1950-05-03_01-00006.txt,Van Dam,0.02968369940801111
KB_JB838_1950-05-03_01-00006.txt,Coupe Davis,0.03844371838429005
KB_JB838_1950-05-03_01-00006.txt,Berchem Sport,0.042638407629453874
KB_JB838_1950-05-07_01-00002.txt,globules blancs,0.011811242256684467
KB_JB838_1950-05-07_01-00002.txt,C’est d’une,0.06253406706298181
KB_JB838_1950-05-07_01-00002.txt,globules rouges,0.07181543176769871
KB_JB838_1950-05-07_01-00002.txt,place Rogier,0.07791574511217374
KB_JB838_1950-05-16_01-00003.txt,Edouard Pecher,0.007008417578283275
KB_JB838_1950-05-16_01-00003.txt,d’Edouard Pêcher,0.018853113812614952
KB_JB838_1950-05-16_01-00003.txt,rue Traversière,0.019144943594811923
KB_JB838_1950-05-16_01-00003.txt,fut arrêté,0.02142234430321868
KB_JB838_1950-05-16_01-00003.txt,mauvais traitements,0.023841250817341827
KB_JB838_1950-05-16_01-00003.txt,Van Paesschen,0.025423297278548734
KB_JB838_1950-05-16_01-00003.txt,raccordement transversal,0.0312170542827104
KB_JB838_1950-05-16_01-00003.txt,libéral Edouard,0.03222944433991124
KB_JB838_1950-05-16_01-00003.txt,PAYS ANVERS,0.04361255887100076
KB_JB838_1950-05-20_01-00016.txt,l’Agence Rossel,0.017267786616835125
KB_JB838_1950-05-20_01-00016.txt,Agence Rossel,0.023014169685687737
KB_JB838_1950-05-20_01-00016.txt,Bel app,0.030308127059509995
KB_JB838_1950-05-20_01-00016.txt,SOIR SAMEDI,0.04796496360251349
KB_JB838_1950-05-20_01-00016.txt,Bel appart,0.06367082910592174
KB_JB838_1950-05-20_01-00016.txt,louer app,0.06548739062306017
KB_JB838_1950-05-20_01-00016.txt,Cherche App,0.06570177981600778
KB_JB838_1950-05-20_01-00016.txt,pet. app,0.07087188976298225
KB_JB838_1950-05-20_01-00016.txt,rue Gaucheret,0.0760726816155223
KB_JB838_1950-05-24_01-00014.txt,EDITION PARUE,0.004594527514023066
KB_JB838_1950-05-24_01-00014.txt,DERNIERE EDITION,0.0048724351918166976
KB_JB838_1950-05-24_01-00014.txt,Saturday Evening,0.011090524607908686
KB_JB838_1950-05-24_01-00014.txt,Evening Post,0.011090524607908686
KB_JB838_1950-05-24_01-00014.txt,nuit Dern,0.017379319615615046
KB_JB838_1950-05-24_01-00014.txt,Botanique Ech.,0.021199543142643534
KB_JB838_1950-05-24_01-00014.txt,bon état,0.054693496054315824
KB_JB838_1950-05-29_01-00002.txt,roi Albert,0.01165643384489694
KB_JB838_1950-05-29_01-00002.txt,comité exécutif,0.014738882923944775
KB_JB838_1950-05-29_01-00002.txt,samedi soir,0.02609298539438042
KB_JB838_1950-05-29_01-00002.txt,congrès national,0.032990892862039656
KB_JB838_1950-05-29_01-00002.txt,prochain congrès,0.03634220170626009
KB_JB838_1950-05-29_01-00002.txt,Mais Veit,0.04339941273914906
KB_JB838_1950-05-29_01-00002.txt,Théâtre Ohel,0.0459345934896801
KB_JB838_1950-05-29_01-00002.txt,d’autre part,0.04709115431295613
KB_JB838_1950-05-29_01-00002.txt,président général,0.05257438873258233
KB_JB838_1950-06-04_01-00011.txt,VENTE PUBLIQUE,0.0012484483556073412
KB_JB838_1950-06-04_01-00011.txt,Notaire Emile,0.009413310710324923
KB_JB838_1950-06-04_01-00011.txt,rue Jean,0.015320912177398335
KB_JB838_1950-06-04_01-00011.txt,Louis XIV,0.016689949979137104
KB_JB838_1950-06-04_01-00011.txt,belle salle,0.01751913079142155
KB_JB838_1950-06-04_01-00011.txt,BRUXELLES Vente,0.021679868291260247
KB_JB838_1950-06-04_01-00012.txt,rue Loi,0.009818399590873007
KB_JB838_1950-06-04_01-00012.txt,villa mod,0.013633564174245596
KB_JB838_1950-06-04_01-00012.txt,VENDRE Maison,0.01816385249987422
KB_JB838_1950-06-04_01-00012.txt,beau terrain,0.01824083031691302
KB_JB838_1950-06-04_01-00012.txt,rue Royale,0.019180958884480667
KB_JB838_1950-06-04_01-00012.txt,louer villa,0.019677713552067523
KB_JB838_1950-06-04_01-00012.txt,belle villa,0.019892829629229322
KB_JB838_1950-06-04_01-00012.txt,louer Maison,0.021574141849020415
KB_JB838_1950-06-04_01-00012.txt,BELLE MAISON,0.021891624047956783
KB_JB838_1950-06-04_01-00012.txt,rue Jourdan,0.023425530270181797
KB_JB838_1950-06-04_01-00012.txt,villa libre,0.024338845595838828
KB_JB838_1950-06-04_01-00016.txt,DEMANDE Bonne,0.011593237816055724
KB_JB838_1950-06-04_01-00016.txt,AGENCE ROSSEL,0.015890621901110142
KB_JB838_1950-06-04_01-00016.txt,DAMES dem,0.02313792306081164
KB_JB838_1950-06-04_01-00016.txt,bonne servante,0.02498298019905661
KB_JB838_1950-06-04_01-00016.txt,ECRIRE AGENCE,0.025280429282587107
KB_JB838_1950-06-04_01-00016.txt,bons gages,0.027323809973816712
KB_JB838_1950-06-04_01-00016.txt,Bon. référ,0.0331619561406293
KB_JB838_1950-06-10_01-00010.txt,Concert symphonique,0.01856335147782389
KB_JB838_1950-06-10_01-00010.txt,Orchestre Radio,0.028416851899504027
KB_JB838_1950-06-10_01-00010.txt,Grand orchestre,0.05949535845320071
KB_JB838_1950-06-10_01-00010.txt,TRAITEMENT AMAIGRISSANT,0.06300624830320123
KB_JB838_1950-06-10_01-00010.txt,Programme symphonique,0.06381384310957437
KB_JB838_1950-06-10_01-00010.txt,Revue Orchestra,0.06879062762627672
KB_JB838_1950-06-10_01-00010.txt,CEST VIEILLIR,0.07201612373002443
KB_JB838_1950-06-10_01-00010.txt,beauté JUVABEL,0.07228324875659736
KB_JB838_1950-06-10_01-00010.txt,L'Etoile Bleue,0.07734983337769154
KB_JB838_1950-06-11_01-00001.txt,IOURNAI QUOTIDIEN,0.004214459421927517
KB_JB838_1950-06-11_01-00001.txt,roi Léopold,0.014828027050495423
KB_JB838_1950-06-11_01-00001.txt,Vatican aurait,0.024497464266486035
KB_JB838_1950-06-11_01-00001.txt,votes valables,0.038162817706273534
KB_JB838_1950-06-11_01-00001.txt,milieux officiels,0.04517689217698767
KB_JB838_1950-06-11_01-00001.txt,Président Truman,0.0548991415487039
KB_JB838_1950-06-11_01-00001.txt,grand écrivain,0.069314885501448
KB_JB838_1950-06-11_01-00015.txt,Agence Rossel,0.002468065922270038
KB_JB838_1950-06-11_01-00015.txt,l’Agence ROSSEL,0.011748255283137528
KB_JB838_1950-06-11_01-00015.txt,Ecrire Agence,0.01710846890412374
KB_JB838_1950-06-11_01-00015.txt,Rossel num,0.019921210652445447
KB_JB838_1950-06-11_01-00015.txt,Bruxelles demande,0.023793649849467424
KB_JB838_1950-06-11_01-00015.txt,ORFEVRERIE demandent,0.023936812107839992
KB_JB838_1950-06-11_01-00015.txt,Rossel numéro,0.028073888623802036
KB_JB838_1950-06-11_01-00015.txt,BRUXELLES cherche,0.02956342630971676
KB_JB838_1950-06-11_01-00015.txt,REPRESENTANTS dem,0.03176104256745074
KB_JB838_1950-06-11_01-00015.txt,Faire offres,0.04125214120233591
KB_JB838_1950-06-11_01-00015.txt,BONS REPRESENTANTS,0.048739265522466005
KB_JB838_1950-06-14_01-00014.txt,PARUE MERCREDI,0.004600205070586654
KB_JB838_1950-06-14_01-00014.txt,DERNIERE EDITION,0.0051222010454773145
KB_JB838_1950-06-14_01-00014.txt,EDITION PARUE,0.0051222010454773145
KB_JB838_1950-06-14_01-00014.txt,nuit Oern,0.017452891024515863
KB_JB838_1950-06-14_01-00014.txt,Bas prix,0.10728171731060084
KB_JB838_1950-06-14_01-00014.txt,bon état,0.12060092317605259
KB_JB838_1950-06-14_01-00014.txt,London Opinion,0.1258254236735921
KB_JB838_1950-06-14_01-00014.txt,OCCASION Tél,0.13569160131675959
KB_JB838_1950-06-14_01-00014.txt,parfait état,0.14386753532364277
KB_JB838_1950-06-14_01-00014.txt,nuit î'ÔùptU,0.14409386825408207
KB_JB838_1950-06-17_01-00006.txt,GRAND PRIX,0.0045869762369427376
KB_JB838_1950-06-17_01-00006.txt,Alfa Romeo,0.007479344374298161
KB_JB838_1950-06-17_01-00006.txt,ALFA ROMÉO,0.012686909810178226
KB_JB838_1950-06-17_01-00006.txt,DUEL FERRARI,0.013609083471507893
KB_JB838_1950-06-17_01-00006.txt,Del Bello,0.014559106260664777
KB_JB838_1950-06-17_01-00006.txt,victoire italienne,0.03215133775227707
KB_JB838_1950-06-17_01-00006.txt,d’un prix,0.032745490880300265
KB_JB838_1950-06-22_01-00004.txt,Eleanor Roosevelt,0.008021954436675496
KB_JB838_1950-06-22_01-00004.txt,Elliott Roosevelt,0.014603304294531012
KB_JB838_1950-06-22_01-00004.txt,Bref entretien,0.015517960912297039
KB_JB838_1950-06-22_01-00004.txt,l’assemblée générale,0.022051901310249877
KB_JB838_1950-06-22_01-00004.txt,Van Helmont,0.02642267513769821
KB_JB838_1950-06-22_01-00004.txt,Van Zeeland,0.028768104140763973
KB_JB838_1950-06-22_01-00004.txt,Roosevelt Autour,0.031227996637798735
KB_JB838_1950-06-22_01-00004.txt,Mme Roosevelt,0.035905698276329286
KB_JB838_1950-06-22_01-00004.txt,SOIR JEUDI,0.039412262447513675
KB_JB838_1950-06-22_01-00004.txt,John Helier,0.04324889438564174
KB_JB838_1950-06-22_01-00004.txt,Van Dorpe,0.05050812841977842
KB_JB838_1950-06-24_01-00011.txt,bel app,0.008257061032845663
KB_JB838_1950-06-24_01-00011.txt,bel appart,0.023538598425493128
KB_JB838_1950-06-24_01-00011.txt,louer Villa,0.024174210776085267
KB_JB838_1950-06-24_01-00011.txt,app. mod,0.02531603607190073
KB_JB838_1950-06-24_01-00011.txt,app. meub,0.04464962113327163
KB_JB838_1950-06-24_01-00011.txt,conf. mod,0.04731941536843155
KB_JB838_1950-06-25_01-00013.txt,Bel app,0.01655721281246715
KB_JB838_1950-06-25_01-00013.txt,louer app,0.017012015476975596
KB_JB838_1950-06-25_01-00013.txt,app. mod,0.02030174747301247
KB_JB838_1950-06-25_01-00013.txt,louer Tél,0.02320397674644995
KB_JB838_1950-06-25_01-00013.txt,bel app.,0.025296967102712863
KB_JB838_1950-06-25_01-00013.txt,som UES,0.02720075756537597
KB_JB838_1950-06-25_01-00013.txt,bel appart,0.02874690508088375
KB_JB838_1950-06-29_01-00002.txt,Mme Libois,0.02154946199662799
KB_JB838_1950-06-29_01-00002.txt,président Trurnan,0.02756143234634082
KB_JB838_1950-06-29_01-00002.txt,grand format,0.03980018822446689
KB_JB838_1950-06-29_01-00002.txt,Nouveaux riches,0.045557601647593406
KB_JB838_1950-06-29_01-00002.txt,l’école Decroly,0.05374906361078282
KB_JB838_1950-06-29_01-00002.txt,Tristan Risselin,0.0552416857240382
KB_JB838_1950-07-02_01-00002.txt,Jules Renard,0.010651282273627098
KB_JB838_1950-07-02_01-00002.txt,glycosuries intermittentes,0.02012541503979971
KB_JB838_1950-07-02_01-00002.txt,sucre sanguin,0.022279240710311836
KB_JB838_1950-07-02_01-00002.txt,glycosuries permanentes,0.022885606557822517
KB_JB838_1950-07-02_01-00002.txt,parce qu’il,0.038376862388937526
KB_JB838_1950-07-02_01-00002.txt,d’une glycosurie,0.04021757631597572
KB_JB838_1950-07-02_01-00002.txt,sucres qu’il,0.041887584827059725
KB_JB838_1950-07-02_01-00002.txt,alors qu’ils,0.06031771778756164
KB_JB838_1950-07-02_01-00018.txt,dés. renc,0.04319399034672366
KB_JB838_1950-07-02_01-00018.txt,Tante Marie,0.05648397521039134
KB_JB838_1950-07-02_01-00018.txt,ACOMPTE MINIME,0.060651216396853135
KB_JB838_1950-07-02_01-00018.txt,points clairs,0.07326171705710233
KB_JB838_1950-07-02_01-00018.txt,bon état,0.07516428614490184
KB_JB838_1950-07-02_01-00018.txt,Brux Tél,0.08043110911270844
KB_JB838_1950-07-02_01-00018.txt,gants courts,0.10101622321401978
KB_JB838_1950-07-05_01-00005.txt,domicilié rue,0.014415335564317976
KB_JB838_1950-07-05_01-00005.txt,jeune homme,0.021007242254819234
KB_JB838_1950-07-05_01-00005.txt,prie d’annoncer,0.03433604415513529
KB_JB838_1950-07-05_01-00005.txt,demeurant rue,0.03564512764875644
KB_JB838_1950-07-05_01-00005.txt,jeune fille,0.03629038675476749
KB_JB838_1950-07-05_01-00005.txt,tient lieu,0.03778125202449873
KB_JB838_1950-07-05_01-00005.txt,D’UNE AUTO,0.03917823416806793
KB_JB838_1950-07-05_01-00005.txt,vrai Lopez,0.04165097046381171
KB_JB838_1950-07-05_01-00005.txt,s’est abattu,0.0457810186007399
KB_JB838_1950-07-05_01-00005.txt,rue Général,0.046779051384082795
KB_JB838_1950-07-05_01-00005.txt,d’une fracture,0.0507272548253281
KB_JB838_1950-07-08_01-00009.txt,vendre villa,0.040296420258217974
KB_JB838_1950-07-08_01-00009.txt,VILLA MODERNE,0.057096802816115136
KB_JB838_1950-07-08_01-00009.txt,villa mod,0.05888380779887936
KB_JB838_1950-07-08_01-00009.txt,villa libre,0.06749273868521527
KB_JB838_1950-07-08_01-00009.txt,Maisons Villas,0.07103228221101104
KB_JB838_1950-07-08_01-00009.txt,Maison villa,0.07103228221101104
KB_JB838_1950-07-20_01-00010.txt,POUVOIR NUTRITIF,0.005395716537095661
KB_JB838_1950-07-20_01-00010.txt,NUTRITIF INCOMPARABLE,0.005395716537095661
KB_JB838_1950-07-20_01-00010.txt,INCOMPARABLE SOLO,0.007071798463543667
KB_JB838_1950-07-20_01-00010.txt,Belgique d'assurer,0.02402721098732795
KB_JB838_1950-07-20_01-00010.txt,SOLO MARGARINE,0.029207703906464415
KB_JB838_1950-07-20_01-00010.txt,Agence Rossel,0.03094790414820131
KB_JB838_1950-07-20_01-00010.txt,ESSAYEZ SOLO,0.032427474748681934
KB_JB838_1950-07-24_01-00006.txt,DERNIERE EDITION,0.0048972819856332485
KB_JB838_1950-07-24_01-00006.txt,EDITION PARUE,0.0048972819856332485
KB_JB838_1950-07-24_01-00006.txt,SOIR LUNDI,0.019164080275746995
KB_JB838_1950-07-24_01-00006.txt,Musique légère,0.02502334583315038
KB_JB838_1950-07-24_01-00006.txt,nuit Dern,0.03057063904456853
KB_JB838_1950-07-24_01-00006.txt,GRAND PRIX,0.03700690442784093
KB_JB838_1950-07-24_01-00006.txt,Rosalind Russell,0.04159831446678296
KB_JB838_1950-07-24_01-00006.txt,Musique d’opérettes,0.05051737256804249
KB_JB838_1950-07-24_01-00006.txt,Musique populaire,0.05678458693971608
KB_JB838_1950-07-24_01-00006.txt,fut Finch,0.060738471637930454
KB_JB838_1950-07-27_01-00007.txt,Directeur sportif,0.00788982665174868
KB_JB838_1950-07-27_01-00007.txt,Maurice Blomme,0.018453162354203356
KB_JB838_1950-07-27_01-00007.txt,Van Ende,0.018939508886676226
KB_JB838_1950-07-27_01-00007.txt,Louis Van,0.0500251385985829
KB_JB838_1950-07-27_01-00007.txt,Bartali L’abandon,0.05024139429099313
KB_JB838_1950-07-27_01-00007.txt,Aiglons Belges,0.06592127975422908
KB_JB838_1950-08-01_01-00003.txt,PREMIERE PAGE,0.004939698941879958
KB_JB838_1950-08-01_01-00003.txt,Lundi matin,0.005301360648481489
KB_JB838_1950-08-01_01-00003.txt,IVOIR DEBU'l,0.01950109153315154
KB_JB838_1950-08-01_01-00003.txt,Bruxelles lundi,0.029056527020321462
KB_JB838_1950-08-01_01-00003.txt,prince Baudouin,0.03127220314800413
KB_JB838_1950-08-01_01-00003.txt,Comité liégeois,0.0324540095343585
KB_JB838_1950-08-01_01-00003.txt,MARDI AOUT,0.03356244970802438
KB_JB838_1950-08-01_01-00003.txt,décision IVOIR,0.042106483623457654
KB_JB838_1950-08-01_01-00003.txt,travail lundi,0.04367189718975333
KB_JB838_1950-08-01_01-00003.txt,Simon Paque,0.04368478842725973
KB_JB838_1950-08-01_01-00003.txt,nouvelles grèves,0.0488001603864611
KB_JB838_1950-08-01_01-00003.txt,dimanche soir,0.05035413914094358
KB_JB838_1950-08-09_01-00006.txt,grande distinction,0.0001858127750705617
KB_JB838_1950-08-09_01-00006.txt,Sciences physiques,0.005620498277727045
KB_JB838_1950-08-09_01-00006.txt,Lady Tynewood,0.00648615350298371
KB_JB838_1950-08-09_01-00006.txt,Emiel Grande,0.006794412863166088
KB_JB838_1950-08-09_01-00006.txt,Sciences politiques,0.007691807432666041
KB_JB838_1950-08-09_01-00006.txt,ire licence,0.010128746991237194
KB_JB838_1950-08-09_01-00006.txt,Sciences économiques,0.010587744412490652
KB_JB838_1950-08-09_01-00006.txt,physique Distinction,0.013172647169114463
KB_JB838_1950-08-09_01-00006.txt,Distinction André,0.014062372093543373
KB_JB838_1950-08-09_01-00006.txt,Sciences mathématiques,0.015353291844878266
KB_JB838_1950-08-09_01-00006.txt,Ire candidature,0.01736703034264561
KB_JB838_1950-08-09_01-00006.txt,Sciences sociales,0.0176518105198861
KB_JB838_1950-08-09_01-00006.txt,physiques Grande,0.018037432426407252
KB_JB838_1950-08-23_01-00003.txt,parti communiste,0.0026006290971550988
KB_JB838_1950-08-23_01-00003.txt,Julien Lahaut,0.010206579155626925
KB_JB838_1950-08-23_01-00003.txt,Ire série,0.012902169945358775
KB_JB838_1950-08-23_01-00003.txt,mardi matin,0.016374216622864743
KB_JB838_1950-08-23_01-00003.txt,colonel Kim,0.03304153456225061
KB_JB838_1950-08-23_01-00003.txt,division communiste,0.037747986400709525
KB_JB838_1950-08-23_01-00003.txt,division nord,0.042277416847502
KB_JB838_1950-08-23_01-00003.txt,Mme Lahaut,0.0480493613336083
KB_JB838_1950-08-28_01-00005.txt,Championnats d’Europe,0.009176388013216545
KB_JB838_1950-08-28_01-00005.txt,nouveau record,0.014714959439300195
KB_JB838_1950-08-28_01-00005.txt,Lord Burghley,0.022549590727515965
KB_JB838_1950-08-28_01-00005.txt,mètres steeple,0.024991311403364396
KB_JB838_1950-08-28_01-00005.txt,ligne droite,0.028516387546272257
KB_JB838_1950-08-28_01-00005.txt,championnats suisses,0.040266895638011536
KB_JB838_1950-08-28_01-00005.txt,Hollandais volant,0.053879734127477916
KB_JB838_1950-09-04_01-00005.txt,Van Pottelberghe,0.015570548957802707
KB_JB838_1950-09-04_01-00005.txt,Van der,0.020088633998704777
KB_JB838_1950-09-04_01-00005.txt,Van Brustegem,0.02553376587358816
KB_JB838_1950-09-04_01-00005.txt,Stade Français,0.025870830167296036
KB_JB838_1950-09-04_01-00005.txt,seconde mi-temps,0.03681371289084628
KB_JB838_1950-09-04_01-00005.txt,Van Linden,0.042127631527439785
KB_JB838_1950-09-04_01-00005.txt,Van Loy,0.04465037209758971
KB_JB838_1950-09-04_01-00005.txt,Van Houdt,0.04485115294911315
KB_JB838_1950-09-04_01-00006.txt,Van den,0.0028654472355949707
KB_JB838_1950-09-04_01-00006.txt,Van Houtte,0.010026784129772363
KB_JB838_1950-09-04_01-00006.txt,Van Steenlant,0.013403990990305483
KB_JB838_1950-09-04_01-00006.txt,Van Goethem,0.01422009506888675
KB_JB838_1950-09-04_01-00006.txt,Van Dyck,0.015539859370570773
KB_JB838_1950-09-04_01-00006.txt,White Star,0.017005502933044814
KB_JB838_1950-09-04_01-00006.txt,Prix Van,0.01927956276736894
KB_JB838_1950-09-04_01-00006.txt,Van Camp,0.021274534632443796
KB_JB838_1950-09-04_01-00006.txt,Van Biesem,0.022247382986140773
KB_JB838_1950-09-04_01-00006.txt,Van Baelen,0.023561764138272673
KB_JB838_1950-09-04_01-00006.txt,Van der,0.0240210751433465
KB_JB838_1950-09-04_01-00006.txt,Van Vaeren,0.024349320982542808
KB_JB838_1950-09-04_01-00006.txt,Van Hove,0.024521557992356394
KB_JB838_1950-09-04_01-00006.txt,Van Brabant,0.024616451531920592
KB_JB838_1950-09-04_01-00006.txt,Van Vaerenbergh,0.024859794427406424
KB_JB838_1950-09-04_01-00006.txt,Van Rompaye,0.02495076152627523
KB_JB838_1950-09-04_01-00006.txt,Van Durme,0.02556719147481088
KB_JB838_1950-09-08_01-00012.txt,Agence Rossel,0.010775664767243318
KB_JB838_1950-09-08_01-00012.txt,Ecrire Agence,0.022056633499138105
KB_JB838_1950-09-08_01-00012.txt,Dame dem,0.024020070351263762
KB_JB838_1950-09-08_01-00012.txt,Bons gages,0.02465564580744018
KB_JB838_1950-09-08_01-00012.txt,rue Royale,0.027733378406950986
KB_JB838_1950-09-08_01-00012.txt,BRUXELLES demande,0.0288827440427786
KB_JB838_1950-09-08_01-00012.txt,Ecrire Ag.Rossel,0.033696426608586794
KB_JB838_1950-09-08_01-00012.txt,Rossel num,0.03955098685030597
KB_JB838_1950-09-09_01-00011.txt,l’Agence Rossel,0.046798852063420285
KB_JB838_1950-09-09_01-00011.txt,Ecrire Ag.Rossel,0.04918336975100141
KB_JB838_1950-09-09_01-00011.txt,Bruxelles dem,0.05115503407100381
KB_JB838_1950-09-09_01-00011.txt,dem. trav,0.05349500832610166
KB_JB838_1950-09-09_01-00011.txt,demande jeune,0.058995441672496804
KB_JB838_1950-09-09_01-00011.txt,Bons gages,0.05915271447424733
KB_JB838_1950-09-09_01-00011.txt,jeune fille,0.0593001435316213
KB_JB838_1950-09-17_01-00011.txt,VENTE PUBLIQUE,0.006671521120824768
KB_JB838_1950-09-17_01-00011.txt,BRUXELLES VENTE,0.010095311000071171
KB_JB838_1950-09-17_01-00011.txt,rue Léopold,0.014839321664835866
KB_JB838_1950-09-17_01-00011.txt,TERRAIN rue,0.016730520286897668
KB_JB838_1950-09-17_01-00011.txt,notaire René,0.01725788442517999
KB_JB838_1950-09-17_01-00011.txt,BELLE MAISON,0.02544822792647918
KB_JB838_1950-09-17_01-00011.txt,VAN BENEDEN,0.030287561308027948
KB_JB838_1950-09-17_01-00011.txt,René VAN,0.03041108116189143
KB_JB838_1950-09-17_01-00011.txt,IMPORTANTE VENTE,0.03273313529169214
KB_JB838_1950-09-21_01-00009.txt,LIGNE Tél,0.035606467128236494
KB_JB838_1950-09-21_01-00009.txt,ECOLE SUPERIEURE,0.049930837376915824
KB_JB838_1950-09-21_01-00009.txt,grand départ,0.05084723671924067
KB_JB838_1950-09-21_01-00009.txt,ECOLE AUTO,0.06637004687569122
KB_JB838_1950-09-21_01-00009.txt,Agence Rossel,0.07065397152388711
KB_JB838_1950-09-21_01-00009.txt,Office Propriétaires,0.08185944566614793
KB_JB838_1950-09-21_01-00009.txt,BRUXELLES Etude,0.08262596225539233
KB_JB838_1950-09-21_01-00009.txt,Révolution Tél,0.0855027287148027
KB_JB838_1950-09-21_01-00009.txt,BOUE Tél,0.08607803746078452
KB_JB838_1950-10-01_01-00004.txt,prie d’annoncer,0.012096120883672224
KB_JB838_1950-10-01_01-00004.txt,demeurant rue,0.020094598354055304
KB_JB838_1950-10-01_01-00004.txt,Mlle Huysmans,0.022302929807226486
KB_JB838_1950-10-01_01-00004.txt,Mlle Sara,0.028844760506181642
KB_JB838_1950-10-01_01-00004.txt,tient lieu,0.03176514223827718
KB_JB838_1950-10-01_01-00004.txt,domicilié rue,0.03189560159187656
KB_JB838_1950-10-01_01-00004.txt,Sara Huysmans,0.032142007372550116
KB_JB838_1950-10-01_01-00004.txt,Musée d’Art,0.03878751202812234
KB_JB838_1950-10-01_01-00004.txt,JEUNE FILLE,0.0400372705194971
KB_JB838_1950-10-01_01-00004.txt,alors qu’il,0.042566032614607216
KB_JB838_1950-10-01_01-00004.txt,Reckiü ZEBRA,0.04340749486750011
KB_JB838_1950-10-01_01-00004.txt,ZEBRACIER SAVORA,0.04340749486750011
KB_JB838_1950-10-01_01-00004.txt,Stand Reckiü,0.04352690727018503
KB_JB838_1950-10-05_01-00012.txt,Agence Rossel,0.003650887023015266
KB_JB838_1950-10-05_01-00012.txt,Ecrire Agence,0.00904368970585585
KB_JB838_1950-10-05_01-00012.txt,l’AGENCE ROSSEL,0.01277574175038245
KB_JB838_1950-10-05_01-00012.txt,TAVERNE dem,0.02232080241712915
KB_JB838_1950-10-05_01-00012.txt,VERITABLES PILULES,0.02610485306361765
KB_JB838_1950-10-05_01-00012.txt,Rossel num,0.026529626838137647
KB_JB838_1950-10-05_01-00012.txt,Faire offre,0.0372602332389092
KB_JB838_1950-10-05_01-00012.txt,Dem. serveuse,0.0438250494808025
KB_JB838_1950-10-09_01-00005.txt,Van den,0.004965658131459112
KB_JB838_1950-10-09_01-00005.txt,White Star,0.007652380201978831
KB_JB838_1950-10-09_01-00005.txt,défense locale,0.010120030374693
KB_JB838_1950-10-09_01-00005.txt,Van Camp,0.011864045889873874
KB_JB838_1950-10-09_01-00005.txt,Van Deun,0.013420855299678451
KB_JB838_1950-10-09_01-00005.txt,Van Steelant,0.015171935433416071
KB_JB838_1950-10-09_01-00005.txt,Van Ham,0.020422405238512024
KB_JB838_1950-10-09_01-00005.txt,Van Gestel,0.021881217009001676
KB_JB838_1950-10-09_01-00005.txt,Van Staey,0.021951370657195796
KB_JB838_1950-10-09_01-00005.txt,Van Velthoven,0.022247338172417534
KB_JB838_1950-10-09_01-00005.txt,Van Dyck,0.022336586303069228
KB_JB838_1950-10-09_01-00005.txt,Van Lancker,0.022445042736403315
KB_JB838_1950-10-09_01-00005.txt,Van Looy,0.022809407488266063
KB_JB838_1950-10-09_01-00005.txt,Van Craeynest,0.022812302996468144
KB_JB838_1950-10-09_01-00005.txt,Vanden plas,0.02297060314080058
KB_JB838_1950-10-09_01-00005.txt,Van Rompaye,0.023245823367984787
KB_JB838_1950-10-15_01-00016.txt,Bel app,0.027971467176752442
KB_JB838_1950-10-15_01-00016.txt,employez PEO,0.048934042048452524
KB_JB838_1950-10-15_01-00016.txt,louer App,0.049946726414178695
KB_JB838_1950-10-15_01-00016.txt,AVENUE LOUISE,0.052017014005060334
KB_JB838_1950-10-15_01-00016.txt,PÉO enlève,0.05444033947189866
KB_JB838_1950-10-15_01-00016.txt,Essayez PÉO,0.06004928956792155
KB_JB838_1950-10-15_01-00016.txt,VENDRE Appartements,0.06074831940128978
KB_JB838_1950-10-15_01-00016.txt,LOUER AVENUE,0.06833937927659404
KB_JB838_1950-10-15_01-00016.txt,quantité minime,0.07193219626727881
KB_JB838_1950-10-15_01-00016.txt,LOUER Appart,0.07598024648849712
KB_JB838_1950-10-15_01-00016.txt,Agence Rossel,0.08286792049132256
KB_JB838_1950-10-15_01-00016.txt,vaisselle n’est,0.08398513392246809
KB_JB838_1950-10-15_01-00018.txt,Agence Rossel,0.0013595693255650718
KB_JB838_1950-10-15_01-00018.txt,Ecrire Agence,0.006918639902882341
KB_JB838_1950-10-15_01-00018.txt,l’Agence Rossel,0.008690315252417037
KB_JB838_1950-10-15_01-00018.txt,Faire offre,0.01959974711359222
KB_JB838_1950-10-15_01-00018.txt,Rossel num,0.01995643567949787
KB_JB838_1950-10-15_01-00018.txt,PLACE DEMANDE,0.033630944580142215
KB_JB838_1950-10-15_01-00018.txt,REPRESENTANT actif,0.03799556031572814
KB_JB838_1950-10-15_01-00018.txt,Rossel numéro,0.03964326062705222
KB_JB838_1950-10-15_01-00018.txt,Ire force,0.03996173959811706
KB_JB838_1950-10-15_01-00018.txt,FOURRURES SABINE,0.042404513490276616
KB_JB838_1950-10-15_01-00018.txt,Firme importante,0.04942507030713285
KB_JB838_1950-10-16_01-00004.txt,SOIR LUNDI,0.005029698089842776
KB_JB838_1950-10-16_01-00004.txt,Van Brusteghem,0.009572106979939259
KB_JB838_1950-10-16_01-00004.txt,Van Damme,0.014413668012637194
KB_JB838_1950-10-16_01-00004.txt,équipes Goals,0.016094311556891484
KB_JB838_1950-10-16_01-00004.txt,D'HONNEUR Bevchem,0.020302174184279008
KB_JB838_1950-10-16_01-00004.txt,Van der,0.030917626160868836
KB_JB838_1950-10-16_01-00004.txt,SECONDE MI-TEMPS,0.03257271031707677
KB_JB838_1950-10-16_01-00004.txt,Van Tieghem,0.03350054145587511
KB_JB838_1950-10-16_01-00004.txt,Van Noten,0.03354838450850181
KB_JB838_1950-10-16_01-00004.txt,Van Harck,0.03363725565415788
KB_JB838_1950-10-16_01-00004.txt,Van Geysel,0.033647235085659394
KB_JB838_1950-10-16_01-00004.txt,Van Hazendonck,0.03380336022412184
KB_JB838_1950-10-16_01-00004.txt,Vanden Damme,0.04196631086681986
KB_JB838_1950-10-17_01-00006.txt,VAN BOUWHUYZEN,0.021877165672482126
KB_JB838_1950-10-17_01-00006.txt,Van Parys,0.025453720406851725
KB_JB838_1950-10-17_01-00006.txt,nouveau record,0.03482169706933056
KB_JB838_1950-10-17_01-00006.txt,JOSEPH SOMERS,0.036911997483374384
KB_JB838_1950-10-17_01-00006.txt,Van den,0.037205169590186646
KB_JB838_1950-10-17_01-00006.txt,Van Steenbergen,0.03760324681460671
KB_JB838_1950-10-17_01-00006.txt,brasse dames,0.04188149070929095
KB_JB838_1950-10-17_01-00006.txt,Van Bever,0.0426825756499295
KB_JB838_1950-10-27_01-00014.txt,SAISIE Boucherie,0.005159408321314746
KB_JB838_1950-10-27_01-00014.txt,AGENCE ROSSEL,0.005737120973754391
KB_JB838_1950-10-27_01-00014.txt,ECRIRE AGENCE,0.014943165705636027
KB_JB838_1950-10-27_01-00014.txt,Chartreux Brux.,0.016222217198475945
KB_JB838_1950-10-27_01-00014.txt,rue Royale,0.022978081746084043
KB_JB838_1950-10-27_01-00014.txt,SOIR Firme,0.04589032575015013
KB_JB838_1950-10-27_01-00014.txt,Bas prix,0.04896731265378497
KB_JB838_1950-10-28_01-00005.txt,CONSEIL PROVINCIAL,0.010360089952410678
KB_JB838_1950-10-28_01-00005.txt,Cabinet Attlee,0.03576558129480493
KB_JB838_1950-10-28_01-00005.txt,PROJETS MILITAIRES,0.038411727840840876
KB_JB838_1950-10-28_01-00005.txt,cours d’un,0.049534228123576766
KB_JB838_1950-10-28_01-00005.txt,service militaire,0.05051799430040827
KB_JB838_1950-10-29_01-00006.txt,Paul Pastur,0.0008069607780653783
KB_JB838_1950-10-29_01-00006.txt,conseil communal,0.008909381161577298
KB_JB838_1950-10-29_01-00006.txt,tient lieu,0.019665913481938992
KB_JB838_1950-10-29_01-00006.txt,Travaux publics,0.022499929783730315
KB_JB838_1950-10-29_01-00006.txt,médaille industrielle,0.023483142568600852
KB_JB838_1950-10-29_01-00006.txt,Conseil provincial,0.027545668297983158
KB_JB838_1950-10-29_01-00006.txt,Monsieur Paul,0.03281137214505081
KB_JB838_1950-10-29_01-00006.txt,fut Paul,0.03969810746993263
KB_JB838_1950-10-29_01-00006.txt,Pastur continue,0.041151356393931304
KB_JB838_1950-10-30_01-00003.txt,Mandchourie Cédant,0.0034045514012928596
KB_JB838_1950-10-30_01-00003.txt,Prince Royal,0.010339689961056886
KB_JB838_1950-10-30_01-00003.txt,général Mac,0.015162424195470337
KB_JB838_1950-10-30_01-00003.txt,Mac Arthur,0.015448166459756494
KB_JB838_1950-10-30_01-00003.txt,cours d’une,0.02904056400755208
KB_JB838_1950-10-30_01-00003.txt,résistance communiste,0.032747127997642844
KB_JB838_1950-10-30_01-00003.txt,parti communiste,0.044666110057193446
KB_JB838_1950-11-04_01-00012.txt,BELLE MAISON,0.02378989431391293
KB_JB838_1950-11-04_01-00012.txt,Office Propriétaires,0.024949957314619152
KB_JB838_1950-11-04_01-00012.txt,AÜX POULETS,0.04462101275500779
KB_JB838_1950-11-04_01-00012.txt,ANCIENNE MAISON,0.05092353523294529
KB_JB838_1950-11-04_01-00012.txt,Belle VILLA,0.06363640891496464
KB_JB838_1950-11-04_01-00012.txt,Robe dame,0.06618312656338321
KB_JB838_1950-11-04_01-00012.txt,vendre maison,0.07344950068648258
KB_JB838_1950-11-04_01-00014.txt,Agence Rossel,0.0027517326542804204
KB_JB838_1950-11-04_01-00014.txt,Rossel num,0.011038865184824212
KB_JB838_1950-11-04_01-00014.txt,Ecrire Agence,0.013363259359567182
KB_JB838_1950-11-04_01-00014.txt,FIRME IMPORTANTE,0.019027119804820292
KB_JB838_1950-11-04_01-00014.txt,Rossel numéro,0.03539036995323079
KB_JB838_1950-11-04_01-00014.txt,ATELIERS CREEHOME,0.039841918650738974
KB_JB838_1950-11-04_01-00014.txt,IMPORTANTE DEMANDE,0.04088621175004905
KB_JB838_1950-11-04_01-00014.txt,l'AGENCE ROSSEL,0.0427973093268185
KB_JB838_1950-11-04_01-00014.txt,MEILLEURES MARQUES,0.044085127159894176
KB_JB838_1950-11-04_01-00014.txt,QUALITE CONSTANTE,0.044085127159894176
KB_JB838_1950-11-04_01-00014.txt,CONSTANTE STABILAC,0.044085127159894176
KB_JB838_1950-11-06_01-00006.txt,équipes Goals,0.009824933269870804
KB_JB838_1950-11-06_01-00006.txt,Van Rooy,0.015994827684826005
KB_JB838_1950-11-06_01-00006.txt,Fresh Air,0.0225024908306435
KB_JB838_1950-11-06_01-00006.txt,Challenge Bergmann,0.023696381068080887
KB_JB838_1950-11-06_01-00006.txt,Van der,0.026461558744810144
KB_JB838_1950-11-06_01-00006.txt,Oise Merxem,0.030455783655199846
KB_JB838_1950-11-09_01-00012.txt,Agence Rossel,0.004246887416999619
KB_JB838_1950-11-09_01-00012.txt,bel app,0.010903331967976632
KB_JB838_1950-11-09_01-00012.txt,Rossel num,0.016647406964632912
KB_JB838_1950-11-09_01-00012.txt,Ecrire Agence,0.02098726643302136
KB_JB838_1950-11-09_01-00012.txt,pet. app,0.03271529743610019
KB_JB838_1950-11-09_01-00012.txt,Importante firme,0.03973994271697588
KB_JB838_1950-11-09_01-00012.txt,Faire offre,0.04193056507091586
KB_JB838_1950-11-09_01-00012.txt,bel app.,0.04629499109513427
KB_JB838_1950-11-14_01-00004.txt,TIENT LIEU,0.00731298879639774
KB_JB838_1950-11-14_01-00004.txt,prie d’annoncer,0.009674101349123675
KB_JB838_1950-11-14_01-00004.txt,AVIS TIENT,0.012539627624357853
KB_JB838_1950-11-14_01-00004.txt,faire part,0.015262114415699793
KB_JB838_1950-11-14_01-00004.txt,présent avis,0.01749486328600589
KB_JB838_1950-11-14_01-00004.txt,demeurant rue,0.026662631692084743
KB_JB838_1950-11-14_01-00004.txt,d’autre part,0.03917836445285362
KB_JB838_1950-11-14_01-00004.txt,Borinage L’état,0.04104752842762683
KB_JB838_1950-11-21_01-00004.txt,prie d’annoncer,0.017317850960056624
KB_JB838_1950-11-21_01-00004.txt,tient lieu,0.030211785824765608
KB_JB838_1950-11-21_01-00004.txt,demeurant rue,0.0325547334796747
KB_JB838_1950-11-21_01-00004.txt,meurtre d’un,0.038382514271772354
KB_JB838_1950-11-21_01-00004.txt,maison mortuaire,0.04356071895415541
KB_JB838_1950-11-24_01-00013.txt,Agence Rossel,0.004841080727249569
KB_JB838_1950-11-24_01-00013.txt,Ecrire Agence,0.01230147531322047
KB_JB838_1950-11-24_01-00013.txt,Bruxelles dem,0.02191937416455231
KB_JB838_1950-11-24_01-00013.txt,l’Agence Rossel,0.023121161863571216
KB_JB838_1950-11-24_01-00013.txt,DEMANDE Femme,0.023870892070776892
KB_JB838_1950-11-24_01-00013.txt,Rossel num,0.026015004742319315
KB_JB838_1950-11-24_01-00013.txt,SOCIETE ANONYME,0.031204344699242846
KB_JB838_1950-11-24_01-00013.txt,bons gages,0.03416889110960427
KB_JB838_1950-11-24_01-00013.txt,Rossel numéro,0.038907737101319985
KB_JB838_1950-11-24_01-00013.txt,demande place,0.040577481006943
KB_JB838_1950-11-24_01-00013.txt,importante dem,0.04213807320632628
KB_JB838_1950-11-24_01-00015.txt,Renault Juva,0.028183708337353036
KB_JB838_1950-11-24_01-00015.txt,PETIT ACOMPTE,0.02832431776036134
KB_JB838_1950-11-24_01-00015.txt,bon état,0.033928011372209604
KB_JB838_1950-11-24_01-00015.txt,bas prix,0.03733225973143025
KB_JB838_1950-11-24_01-00015.txt,Etat impeccable,0.053684828320229916
KB_JB838_1950-11-28_01-00003.txt,Van Kessel,0.005918884441290981
KB_JB838_1950-11-28_01-00003.txt,som PFR,0.016448198558951455
KB_JB838_1950-11-28_01-00003.txt,d’une zone,0.020086800851985647
KB_JB838_1950-11-28_01-00003.txt,Commission politique,0.022467526584807558
KB_JB838_1950-11-28_01-00003.txt,communiste chinoise,0.023678906358465632
KB_JB838_1950-11-28_01-00003.txt,délégation communiste,0.02408432724295638
KB_JB838_1950-11-28_01-00003.txt,parti communiste,0.025388643761431143
KB_JB838_1950-11-28_01-00003.txt,Plan Marshall,0.027750347683901003
KB_JB838_1950-11-28_01-00003.txt,zone américaine,0.030266661984977093
KB_JB838_1950-11-28_01-00003.txt,zone démilitarisée,0.031053303727002157
KB_JB838_1950-11-28_01-00003.txt,délégués chinois,0.03127555380495153
KB_JB838_1950-11-28_01-00003.txt,Gaston Rebuffat,0.0314600565964021
KB_JB838_1950-11-28_01-00003.txt,division américaine,0.0368036542758174
KB_JB838_1950-11-28_01-00003.txt,Mlle Van,0.03787789466646663
KB_JB838_1950-11-28_01-00003.txt,gouvernement américain,0.03918604040245401
KB_JB838_1950-11-28_01-00012.txt,vue mar,0.06278053493557136
KB_JB838_1950-11-28_01-00012.txt,Pte Namur,0.07124940603439721
KB_JB838_1950-11-28_01-00012.txt,dés. renc,0.07473852185841702
KB_JB838_1950-11-28_01-00012.txt,ROLEX DATEJUST,0.08770095141663932
KB_JB838_1950-11-28_01-00012.txt,PARUE MARDI,0.10089188920464713
KB_JB838_1950-11-28_01-00012.txt,vend Fiat,0.10364804909995834
KB_JB838_1950-11-29_01-00013.txt,Renault Juva,0.0419414409431588
KB_JB838_1950-11-29_01-00013.txt,cond. int,0.04502175781021348
KB_JB838_1950-11-29_01-00013.txt,rue Gaucheret,0.04637465089113075
KB_JB838_1950-11-29_01-00013.txt,bon état,0.056769990098527734
KB_JB838_1950-11-29_01-00013.txt,BRUXELLES Tél,0.07564200884485545
KB_JB838_1950-11-29_01-00013.txt,LAMBILLOTTE RENAULT,0.08588091108622364
KB_JB838_1950-12-02_01-00004.txt,demeurant rue,0.011447881136030253
KB_JB838_1950-12-02_01-00004.txt,jeudi soir,0.012793281689600734
KB_JB838_1950-12-02_01-00004.txt,scènes lyriques,0.020913403924602596
KB_JB838_1950-12-02_01-00004.txt,d’une fracture,0.025484896347099936
KB_JB838_1950-12-02_01-00004.txt,jeune femme,0.04321499566718253
KB_JB838_1950-12-02_01-00004.txt,théâtres lyriques,0.04932072215171508
KB_JB838_1950-12-02_01-00004.txt,d’un grand,0.05697097915819746
KB_JB838_1950-12-02_01-00004.txt,rue Van,0.059248722951656535
KB_JB838_1950-12-06_01-00001.txt,président Truman,0.021976179718425422
KB_JB838_1950-12-06_01-00001.txt,CHEQUES POSTAUX,0.03776930107525906
KB_JB838_1950-12-06_01-00001.txt,touaNAt quotidien,0.03929301553525708
KB_JB838_1950-12-06_01-00001.txt,Pacte Atlantique,0.039484119465015524
KB_JB838_1950-12-06_01-00001.txt,budget extraordinaire,0.043013818673300695
KB_JB838_1950-12-06_01-00001.txt,RUE ROYALE,0.04332144370507951
KB_JB838_1950-12-06_01-00001.txt,général Mac,0.05294822599593453
KB_JB838_1950-12-06_01-00001.txt,Madame Street,0.05348817684064342
KB_JB838_1950-12-06_01-00001.txt,général Eisenhower,0.05530415421933208
KB_JB838_1950-12-06_01-00001.txt,l’Union européenne,0.05847443240981794
KB_JB838_1950-12-06_01-00001.txt,d’une France,0.05886540835529738
KB_JB838_1950-12-06_01-00001.txt,Chine communiste,0.05958961851596972
KB_JB838_1950-12-14_01-00011.txt,POUDREUSE KTiDU,0.02422988270618468
KB_JB838_1950-12-14_01-00011.txt,Agence Rossel,0.025243772330668216
KB_JB838_1950-12-14_01-00011.txt,SOLEIL RADIEUX,0.026777008789079786
KB_JB838_1950-12-14_01-00011.txt,NEIGE POUDREUSE,0.027705906652184226
KB_JB838_1950-12-14_01-00011.txt,bel app.,0.03845917109463531
KB_JB838_1950-12-14_01-00011.txt,bel app,0.03906587822173305
KB_JB838_1950-12-14_01-00011.txt,App. mod,0.03929401986958057
KB_JB838_1950-12-14_01-00011.txt,app. conf,0.04069727267894813
KB_JB838_1950-12-16_01-00003.txt,Bertha Hertogh,0.012007018232689796
KB_JB838_1950-12-16_01-00003.txt,petite Bertha,0.0156520779852117
KB_JB838_1950-12-16_01-00003.txt,Comité Bertha,0.015653491009294616
KB_JB838_1950-12-16_01-00003.txt,grandes villes,0.01799328026870603
KB_JB838_1950-12-16_01-00003.txt,communistes chinois,0.021363908278705452
KB_JB838_1950-12-16_01-00003.txt,troupes communistes,0.025916752911671323
KB_JB838_1950-12-16_01-00003.txt,Sardar Patel,0.028894268870888452
KB_JB838_1950-12-16_01-00003.txt,président Truman,0.042498393036342924
KB_JB838_1950-12-16_01-00003.txt,Chinois communistes,0.042727816557410904
KB_JB838_1950-12-16_01-00003.txt,hauts commissaires,0.043198078706980315
KB_JB838_1950-12-16_01-00003.txt,général Eisenhower,0.0503613713235936
KB_JB838_1950-12-17_01-00024.txt,SOIR DIMANCHE,0.003887249888613444
KB_JB838_1950-12-17_01-00024.txt,I-ola Crusse,0.03635465619470996
KB_JB838_1950-12-17_01-00024.txt,Père Noël,0.03757359348017128
KB_JB838_1950-12-17_01-00024.txt,broderies métalliques,0.04028250199270904
KB_JB838_1950-12-17_01-00024.txt,saint Nicolas,0.07347334191890907
KB_JB838_1950-12-17_01-00024.txt,nouveau frigo,0.07602924725631499
KB_JB838_1950-12-17_01-00024.txt,Galles lamé,0.07988538398534642
KB_JB838_1950-12-17_01-00024.txt,rue Neuve,0.08826245980045394
KB_JB838_1950-12-17_01-00024.txt,vernis CUTEX,0.09147411130927478
KB_JB838_1950-12-17_01-00024.txt,métalliques s’étend,0.0941562207533261
KB_JB838_1950-12-17_01-00024.txt,BRUXELLES GRAND,0.10203138384145045
KB_JB838_1950-12-17_01-00024.txt,robes perlées,0.11383359204812589
KB_JB838_1950-12-17_01-00024.txt,nouvelles portes,0.11670261536057129
KB_JB838_1950-12-17_01-00024.txt,Cafés Battard,0.12127128951611603
KB_JB838_1950-12-17_01-00024.txt,Mal VERET,0.12264792533539097
KB_JB838_1950-12-17_01-00024.txt,petite robe,0.1231657381642557
KB_JB838_1950-12-17_01-00024.txt,portes magnétiques,0.13330695290817104
KB_JB838_1950-12-19_01-00014.txt,Paùhcffy Office,0.12033304707005944
KB_JB838_1950-12-19_01-00014.txt,pays Paùhcffy,0.35434625729021285
KB_JB838_1950-12-19_01-00014.txt,bonnes maisons,0.4456055016437946
KB_JB838_1950-12-20_01-00013.txt,Lear qualité,0.036973219565132796
KB_JB838_1950-12-20_01-00013.txt,BRUXELLES Tél,0.03833145795320446
KB_JB838_1950-12-20_01-00013.txt,Voitures Impeccabl,0.04060680639935491
KB_JB838_1950-12-20_01-00013.txt,prix Swan,0.062277675571157785
KB_JB838_1950-12-20_01-00013.txt,Chevrolet Luxe,0.07699078147714018
KB_JB838_1950-12-20_01-00013.txt,Swan Eternal,0.08145271928318887
KB_JB838_1950-12-20_01-00013.txt,VOITURES NEUVES,0.10629049082360727
KB_JB838_1950-12-20_01-00013.txt,VOITURE NEUVE,0.10629049082360727
KB_JB838_1950-12-20_01-00013.txt,France AUTO,0.11431387991672336
KB_JB838_1950-12-20_01-00013.txt,VOITURES Ouvert,0.11597517461305376
KB_JB838_1950-12-20_01-00013.txt,modèle Swan,0.12212061092366615
KB_JB838_1950-12-24_01-00017.txt,PETIT ACOMPTE,0.021826711372074533
KB_JB838_1950-12-24_01-00017.txt,Chevrolet luxe,0.048098175540655305
KB_JB838_1950-12-24_01-00017.txt,Bruxelles Tél,0.05295131497560934
KB_JB838_1950-12-24_01-00017.txt,som Toxée,0.055545477705529867
KB_JB838_1950-12-24_01-00017.txt,vendre Tél,0.05626300082084819
KB_JB838_1950-12-24_01-00017.txt,LONG CREDIT,0.05674670212838564
KB_JB838_1950-12-24_01-00017.txt,rue Van,0.06490181677062641
KB_JB838_1950-12-24_01-00017.txt,Face travaux,0.0708560011260864
KB_JB838_1950-12-24_01-00017.txt,dit Cappi,0.072675933416053
KB_JB838_1950-12-28_01-00012.txt,AGENCE ROSSEL,0.012896387994734478
KB_JB838_1950-12-28_01-00012.txt,Ecrire Agence,0.012928759478900093
KB_JB838_1950-12-28_01-00012.txt,Chartreux Brux.,0.01464270775656673
KB_JB838_1950-12-28_01-00012.txt,journal simple,0.031777031701621015
KB_JB838_1950-12-28_01-00012.txt,mains travers,0.031846340432398444
KB_JB838_1950-12-28_01-00012.txt,Rossel num,0.03341435726887566
KB_JB838_1950-12-28_01-00012.txt,Bruxelles Tél,0.037187904546971885
KB_JB838_1950-12-29_01-00006.txt,prie d’annoncer,0.008299847104346482
KB_JB838_1950-12-29_01-00006.txt,tient lieu,0.00888833178914927
KB_JB838_1950-12-29_01-00006.txt,Clémentine VAN,0.010787624656506177
KB_JB838_1950-12-29_01-00006.txt,VAN DEN,0.010787624656506177
KB_JB838_1950-12-29_01-00006.txt,avis tient,0.011463050588008063
KB_JB838_1950-12-29_01-00006.txt,présent avis,0.014039188469376226
KB_JB838_1950-12-29_01-00006.txt,rue Van,0.014268529836814788
KB_JB838_1950-12-29_01-00006.txt,IIE ex-prlsonnler,0.01720760298900671
KB_JB838_1950-12-29_01-00006.txt,Madame Veuve,0.018140036142335468
KB_JB838_1950-12-29_01-00006.txt,van Puyvelde,0.018631830048043918
KB_JB838_1950-12-29_01-00006.txt,stricte Intimité,0.019855435553420127
KB_JB838_1950-12-29_01-00006.txt,Dame Clémentine,0.024600041434938488
KB_JB838_1950-12-29_01-00006.txt,décembre BRUXELLES,0.028708866745957313
KB_JB838_1950-12-29_01-00006.txt,LESOIB VENDREDI,0.029703356452853782
KB_JB838_1950-12-29_01-00014.txt,som VENDREDI,0.01855919335507438
KB_JB838_1950-12-29_01-00014.txt,Chartreux Brux.,0.02182788168857041
KB_JB838_1950-12-29_01-00014.txt,LEVER Avez-vous,0.024906581231243827
KB_JB838_1950-12-29_01-00014.txt,BRUXELLES Tél,0.027276820277857525
KB_JB838_1950-12-29_01-00014.txt,frs Tél,0.05234453939538279
KB_JB838_1950-12-29_01-00014.txt,CHARTREUX BRUXELLES,0.06370315260334417
