entity,freq
K ON DEM,53
Chevrolet,41
trav,40
CREDIT,40
Citroën,38
Conseil,37
Ford,36
Chambre,34
Racing,31
FORD,30
Agence Rossel,26
Agence Rossel num,25
Reuter,22
Téléphone,22
Garantie,21
Standard,20
Renault,20
FIRME,20
Référ,20
Sénat,18
REPRESENTANTS,18
Radio,17
OPEL,17
PARC,17
GAND,16
MERCREDI,16
Benelux,16
PROMOTION,15
Stockel,15
K DEM,15
Couronne,15
Ferrari,14
Tokio,14
GALERIES,14
AGENCE,13
Inst,13
ANDERLECHT,12
connaiss,12
Techn,12
Union,12
LOUISE,12
FIAT,12
ministre de l’Intérieur,11
Commission,11
Yougoslavie,11
PEUGEOT,11
expérim,11
WAVRE,11
Firme,11
Nations-Unies,11
